Name,Mean,MeanLB,MeanUB,Stddev,StddevLB,StddevUB
break/#english-start/foundation,1.7816088893496646e-8,1.7517118731486707e-8,1.8203202343642937e-8,1.088646806825794e-9,8.295668489666001e-10,1.4832779464397336e-9
break/#english-start/text,1.558443391161406e-8,1.5280338914574564e-8,1.5967614292718417e-8,1.0796628402423461e-9,8.615898176966498e-10,1.4407514446248349e-9
break/#english-middle/foundation,1.0070967324187893e-7,9.967950365972753e-8,1.0203711477494197e-7,4.1096531414062365e-9,3.1472492148431667e-9,6.516263950499593e-9
break/#english-middle/text,1.0246005913190719e-7,1.0066545875114874e-7,1.046527416255878e-7,6.491550331512747e-9,5.503890512668315e-9,7.73304685127724e-9
break/#english-notfound/foundation,3.716185098690891e-7,3.648284183871835e-7,3.787737759088808e-7,2.3210478662178208e-8,1.9076770370635005e-8,2.8427031362456585e-8
break/#english-notfound/text,3.662005542216156e-7,3.5982098747508785e-7,3.712282952176128e-7,1.919496633755694e-8,1.5492566829631048e-8,2.3936076856184004e-8
